ID,Symbol,Security,Wikipedia_URL,Cluster,X,Y
1,MMM,3M,https://en.wikipedia.org/wiki/3M,0,1.0992715,2.4430308
2,AOS,A. O. Smith,https://en.wikipedia.org/wiki/A._O._Smith,7,3.5538175,3.1035802
3,ABT,Abbott Laboratories,https://en.wikipedia.org/wiki/Abbott_Laboratories,13,-0.76552415,1.636054
4,ABBV,AbbVie,https://en.wikipedia.org/wiki/AbbVie,13,-0.6994044,1.6469519
5,ACN,Accenture,https://en.wikipedia.org/wiki/Accenture,-1,0.6642868,6.0990615
6,ADBE,Adobe Inc.,https://en.wikipedia.org/wiki/Adobe_Inc.,21,-1.239446,4.3958573
7,AMD,Advanced Micro Devices,https://en.wikipedia.org/wiki/AMD,21,-0.997001,4.0851617
8,AES,AES Corporation,https://en.wikipedia.org/wiki/AES_Corporation,3,4.7183514,2.8708916
9,AFL,Aflac,https://en.wikipedia.org/wiki/Aflac,17,1.0991513,7.626913
10,A,Agilent Technologies,https://en.wikipedia.org/wiki/Agilent_Technologies,13,-0.7338996,3.1338851
11,APD,Air Products,https://en.wikipedia.org/wiki/Air_Products,-1,3.1776843,2.804994
12,ABNB,Airbnb,https://en.wikipedia.org/wiki/Airbnb,5,2.6178625,6.2238116
13,AKAM,Akamai Technologies,https://en.wikipedia.org/wiki/Akamai_Technologies,22,-0.9493143,5.0563993
14,ALB,Albemarle Corporation,https://en.wikipedia.org/wiki/Albemarle_Corporation,6,1.2929016,1.8185515
15,ARE,Alexandria Real Estate Equities,https://en.wikipedia.org/wiki/Alexandria_Real_Estate_Equities,4,3.4036834,7.533977
16,ALGN,Align Technology,https://en.wikipedia.org/wiki/Align_Technology,19,-0.33336627,3.1452403
17,ALLE,Allegion,https://en.wikipedia.org/wiki/Allegion,-1,1.861942,7.353204
18,LNT,Alliant Energy,https://en.wikipedia.org/wiki/Alliant_Energy,3,4.7297235,2.9483962
19,ALL,Allstate,https://en.wikipedia.org/wiki/Allstate,17,1.1123239,7.9374437
20,GOOGL,Alphabet Inc. (Class A),https://en.wikipedia.org/wiki/Alphabet_Inc.,-1,-0.26837888,4.9913397
21,GOOG,Alphabet Inc. (Class C),https://en.wikipedia.org/wiki/Alphabet_Inc.,-1,-0.23000108,5.041674
22,MO,Altria,https://en.wikipedia.org/wiki/Altria,6,0.82264346,1.5928674
23,AMZN,Amazon,https://en.wikipedia.org/wiki/Amazon_(company),-1,0.02881566,5.118453
24,AMCR,Amcor,https://en.wikipedia.org/wiki/Amcor,6,0.60013574,2.1063433
25,AEE,Ameren,https://en.wikipedia.org/wiki/Ameren,3,5.205738,2.7273276
26,AEP,American Electric Power,https://en.wikipedia.org/wiki/American_Electric_Power,3,4.6845937,3.0101438
27,AXP,American Express,https://en.wikipedia.org/wiki/American_Express,-1,-0.1558164,6.7745876
28,AIG,American International Group,https://en.wikipedia.org/wiki/American_International_Group,17,1.028519,7.680835
29,AMT,American Tower,https://en.wikipedia.org/wiki/American_Tower,4,3.2931666,6.6714225
30,AWK,American Water Works,https://en.wikipedia.org/wiki/American_Water_Works,7,4.0542583,3.2377956
31,AMP,Ameriprise Financial,https://en.wikipedia.org/wiki/Ameriprise_Financial,17,0.6842965,6.923613
32,AME,Ametek,https://en.wikipedia.org/wiki/Ametek,13,-0.37137473,3.2886462
33,AMGN,Amgen,https://en.wikipedia.org/wiki/Amgen,13,-1.2392545,1.541756
34,APH,Amphenol,https://en.wikipedia.org/wiki/Amphenol,-1,-0.014855987,2.7314687
35,ADI,Analog Devices,https://en.wikipedia.org/wiki/Analog_Devices,21,-0.9400852,3.826943
36,AON,Aon plc,https://en.wikipedia.org/wiki/Aon_(company),17,1.0464693,7.015713
37,APA,APA Corporation,https://en.wikipedia.org/wiki/APA_Corporation,3,4.1244206,2.8999577
38,APO,Apollo Global Management,https://en.wikipedia.org/wiki/Apollo_Global_Management,17,1.1469886,6.9680243
39,AAPL,Apple Inc.,https://en.wikipedia.org/wiki/Apple_Inc.,-1,-0.58126,4.7779326
40,AMAT,Applied Materials,https://en.wikipedia.org/wiki/Applied_Materials,20,-0.30310452,3.3052166
41,APP,AppLovin,https://en.wikipedia.org/wiki/AppLovin,22,-1.1677377,4.763121
42,APTV,Aptiv,https://en.wikipedia.org/wiki/Aptiv,19,-0.6528394,4.260736
43,ACGL,Arch Capital Group,https://en.wikipedia.org/wiki/Arch_Capital_Group,17,1.2544831,7.453746
44,ADM,Archer Daniels Midland,https://en.wikipedia.org/wiki/Archer_Daniels_Midland,9,1.4209756,1.6204964
45,ANET,Arista Networks,https://en.wikipedia.org/wiki/Arista_Networks,22,-1.2804292,4.4712873
46,AJG,Arthur J. Gallagher & Co.,https://en.wikipedia.org/wiki/Arthur_J._Gallagher_%26_Co.,17,1.2711092,7.89114
47,AIZ,Assurant,https://en.wikipedia.org/wiki/Assurant,17,1.0986284,7.5595655
48,T,AT&T,https://en.wikipedia.org/wiki/AT%26T,-1,3.1060877,5.8919744
49,ATO,Atmos Energy,https://en.wikipedia.org/wiki/Atmos_Energy,3,4.422683,1.8212054
50,ADSK,Autodesk,https://en.wikipedia.org/wiki/Autodesk,21,-1.1972954,4.032597
51,ADP,Automatic Data Processing,https://en.wikipedia.org/wiki/ADP_(company),-1,-0.5114938,5.2131777
52,AZO,AutoZone,https://en.wikipedia.org/wiki/AutoZone,2,2.012001,4.448785
53,AVB,AvalonBay Communities,https://en.wikipedia.org/wiki/AvalonBay_Communities,4,3.119663,7.502081
54,AVY,Avery Dennison,https://en.wikipedia.org/wiki/Avery_Dennison,-1,-0.72727287,3.7646687
55,AXON,Axon Enterprise,https://en.wikipedia.org/wiki/Axon_Enterprise,21,-0.89521796,3.6677878
56,BKR,Baker Hughes,https://en.wikipedia.org/wiki/Baker_Hughes,-1,3.4124606,2.2316568
57,BALL,Ball Corporation,https://en.wikipedia.org/wiki/Ball_Corporation,9,1.6326871,1.2207816
58,BAC,Bank of America,https://en.wikipedia.org/wiki/Bank_of_America,15,-0.49077198,7.81304
59,BAX,Baxter International,https://en.wikipedia.org/wiki/Baxter_International,13,-0.8455667,1.688215
60,BDX,Becton Dickinson,https://en.wikipedia.org/wiki/BD_(company),13,-0.9686905,2.0296175
61,BRK.B,Berkshire Hathaway,https://en.wikipedia.org/wiki/Berkshire_Hathaway,-1,1.2517856,7.5274563
62,BBY,Best Buy,https://en.wikipedia.org/wiki/Best_Buy,2,1.5603945,4.249754
63,TECH,Bio-Techne,https://en.wikipedia.org/wiki/Bio-Techne,13,-0.9832628,2.1104288
64,BIIB,Biogen,https://en.wikipedia.org/wiki/Biogen,13,-1.063063,1.2694608
65,BLK,BlackRock,https://en.wikipedia.org/wiki/BlackRock,16,1.2042966,6.8430786
66,BX,Blackstone Inc.,https://en.wikipedia.org/wiki/Blackstone_Inc.,16,1.1512363,6.926425
67,XYZ,"Block, Inc.","https://en.wikipedia.org/wiki/Block,_Inc.",14,0.06181289,5.8894124
68,BK,BNY Mellon,https://en.wikipedia.org/wiki/BNY,15,-0.2533519,7.7441106
69,BA,Boeing,https://en.wikipedia.org/wiki/Boeing,11,1.3950862,3.6884327
70,BKNG,Booking Holdings,https://en.wikipedia.org/wiki/Booking_Holdings,5,2.7672107,6.3219833
71,BSX,Boston Scientific,https://en.wikipedia.org/wiki/Boston_Scientific,13,-0.8681214,2.213149
72,BMY,Bristol Myers Squibb,https://en.wikipedia.org/wiki/Bristol_Myers_Squibb,13,-0.8047417,1.2932892
73,AVGO,Broadcom,https://en.wikipedia.org/wiki/Broadcom,20,-0.63979465,4.498742
74,BR,Broadridge Financial Solutions,https://en.wikipedia.org/wiki/Broadridge_Financial_Solutions,16,0.44627884,6.6624427
75,BRO,Brown & Brown,https://en.wikipedia.org/wiki/Brown_%26_Brown,17,0.9860012,7.338674
76,BF.B,Brown–Forman,https://en.wikipedia.org/wiki/Brown%E2%80%93Forman,8,2.2370005,1.504071
77,BLDR,Builders FirstSource,https://en.wikipedia.org/wiki/Builders_FirstSource,2,1.8077859,3.5941682
78,BG,Bunge Global,https://en.wikipedia.org/wiki/Bunge_Global,15,0.7860023,6.942209
79,BXP,"BXP, Inc.","https://en.wikipedia.org/wiki/BXP,_Inc.",4,3.390646,7.049385
80,CHRW,C.H. Robinson,https://en.wikipedia.org/wiki/C.H._Robinson,10,1.9957397,5.897737
81,CDNS,Cadence Design Systems,https://en.wikipedia.org/wiki/Cadence_Design_Systems,21,-1.2116647,3.7551417
82,CPT,Camden Property Trust,https://en.wikipedia.org/wiki/Camden_Property_Trust,4,3.6964688,7.4909587
83,CPB,Campbell's Company (The),https://en.wikipedia.org/wiki/Campbell%27s,9,1.6911014,1.0574235
84,COF,Capital One,https://en.wikipedia.org/wiki/Capital_One,15,-0.24695742,7.5986223
85,CAH,Cardinal Health,https://en.wikipedia.org/wiki/Cardinal_Health,1,1.074013,5.0820923
86,KMX,CarMax,https://en.wikipedia.org/wiki/CarMax,2,2.2913647,4.67431
87,CCL,Carnival,https://en.wikipedia.org/wiki/Carnival_Corporation_%26_plc,5,3.4047997,5.2245684
88,CARR,Carrier Global,https://en.wikipedia.org/wiki/Carrier_Global,-1,1.719898,3.4101307
89,CAT,Caterpillar Inc.,https://en.wikipedia.org/wiki/Caterpillar_Inc.,12,1.9508572,3.5889194
90,CBOE,Cboe Global Markets,https://en.wikipedia.org/wiki/Cboe_Global_Markets,10,1.9227059,6.704043
91,CBRE,CBRE Group,https://en.wikipedia.org/wiki/CBRE_Group,5,2.4281774,6.7621264
92,CDW,CDW Corporation,https://en.wikipedia.org/wiki/CDW,-1,0.25304154,5.216297
93,COR,Cencora,https://en.wikipedia.org/wiki/Cencora,1,0.19423005,1.8014183
94,CNC,Centene Corporation,https://en.wikipedia.org/wiki/Centene_Corporation,1,1.069699,5.171628
95,CNP,CenterPoint Energy,https://en.wikipedia.org/wiki/CenterPoint_Energy,3,4.8952074,1.9266049
96,CF,CF Industries,https://en.wikipedia.org/wiki/CF_Industries,9,1.3110405,1.764826
97,CRL,Charles River Laboratories,https://en.wikipedia.org/wiki/Charles_River_Laboratories,13,-0.40332425,1.8220611
98,SCHW,Charles Schwab Corporation,https://en.wikipedia.org/wiki/Charles_Schwab_Corporation,15,-0.3993934,7.744723
99,CHTR,Charter Communications,https://en.wikipedia.org/wiki/Charter_Communications,-1,3.6249866,5.0273967
100,CVX,Chevron Corporation,https://en.wikipedia.org/wiki/Chevron_Corporation,3,3.8765645,1.5191681
101,CMG,Chipotle Mexican Grill,https://en.wikipedia.org/wiki/Chipotle_Mexican_Grill,9,1.9280714,1.0888249
102,CB,Chubb Limited,https://en.wikipedia.org/wiki/Chubb_Limited,17,0.7348992,7.7180533
103,CHD,Church & Dwight,https://en.wikipedia.org/wiki/Church_%26_Dwight,6,1.8025482,2.301897
104,CI,Cigna,https://en.wikipedia.org/wiki/Cigna,17,0.772478,7.8436193
105,CINF,Cincinnati Financial,https://en.wikipedia.org/wiki/Cincinnati_Financial,17,0.8430667,8.085665
106,CTAS,Cintas,https://en.wikipedia.org/wiki/Cintas,17,0.5358041,8.043032
107,CSCO,Cisco,https://en.wikipedia.org/wiki/Cisco,22,-0.99219507,4.728137
108,C,Citigroup,https://en.wikipedia.org/wiki/Citigroup,15,0.14286429,7.7127786
109,CFG,Citizens Financial Group,https://en.wikipedia.org/wiki/Citizens_Financial_Group,15,-0.08650182,7.730796
110,CLX,Clorox,https://en.wikipedia.org/wiki/Clorox,6,1.4644433,2.086997
111,CME,CME Group,https://en.wikipedia.org/wiki/CME_Group,10,1.9115399,6.6125712
112,CMS,CMS Energy,https://en.wikipedia.org/wiki/CMS_Energy,3,4.838128,2.1256502
113,KO,Coca-Cola Company (The),https://en.wikipedia.org/wiki/The_Coca-Cola_Company,8,2.6806626,1.7235172
114,CTSH,Cognizant,https://en.wikipedia.org/wiki/Cognizant,-1,-0.68410075,5.2302976
115,COIN,Coinbase,https://en.wikipedia.org/wiki/Coinbase,10,1.6934391,6.3946133
116,CL,Colgate-Palmolive,https://en.wikipedia.org/wiki/Colgate-Palmolive,-1,2.444965,2.2053692
117,CMCSA,Comcast,https://en.wikipedia.org/wiki/Comcast,-1,3.6443384,5.217494
118,CAG,Conagra Brands,https://en.wikipedia.org/wiki/Conagra_Brands,9,1.4527168,1.1478815
119,COP,ConocoPhillips,https://en.wikipedia.org/wiki/ConocoPhillips,3,3.6864476,1.6044432
120,ED,Consolidated Edison,https://en.wikipedia.org/wiki/Consolidated_Edison,3,5.356931,2.3459187
121,STZ,Constellation Brands,https://en.wikipedia.org/wiki/Constellation_Brands,8,2.7822173,1.4057877
122,CEG,Constellation Energy,https://en.wikipedia.org/wiki/Constellation_Energy,3,4.720748,1.862162
123,COO,Cooper Companies (The),https://en.wikipedia.org/wiki/The_Cooper_Companies,-1,0.03568802,1.9785302
124,CPRT,Copart,https://en.wikipedia.org/wiki/Copart,2,2.2511666,4.4355083
125,GLW,Corning Inc.,https://en.wikipedia.org/wiki/Corning_Inc.,6,0.6464524,1.5556525
126,CPAY,Corpay,https://en.wikipedia.org/wiki/Corpay,14,-0.097215615,5.849232
127,CTVA,Corteva,https://en.wikipedia.org/wiki/Corteva,-1,0.37252492,1.5407093
128,CSGP,CoStar Group,https://en.wikipedia.org/wiki/CoStar_Group,5,2.9328015,6.531275
129,COST,Costco,https://en.wikipedia.org/wiki/Costco,2,2.6706598,4.462921
130,CTRA,Coterra,https://en.wikipedia.org/wiki/Coterra,3,4.350086,1.6054103
131,CRWD,CrowdStrike,https://en.wikipedia.org/wiki/CrowdStrike,-1,-1.0307603,4.8953166
132,CCI,Crown Castle,https://en.wikipedia.org/wiki/Crown_Castle,4,3.2456214,6.78454
133,CSX,CSX Corporation,https://en.wikipedia.org/wiki/CSX_Corporation,-1,3.0218472,5.093611
134,CMI,Cummins,https://en.wikipedia.org/wiki/Cummins,12,1.8724657,3.5146813
135,CVS,CVS Health,https://en.wikipedia.org/wiki/CVS_Health,1,1.3258098,4.9116406
136,DHR,Danaher Corporation,https://en.wikipedia.org/wiki/Danaher_Corporation,13,-0.8078166,2.1112502
137,DRI,Darden Restaurants,https://en.wikipedia.org/wiki/Darden_Restaurants,2,2.02893,4.894334
138,DDOG,Datadog,https://en.wikipedia.org/wiki/Datadog,22,-0.69687814,5.194991
139,DVA,DaVita,https://en.wikipedia.org/wiki/DaVita,13,-0.5974072,1.9504952
140,DAY,Dayforce,https://en.wikipedia.org/wiki/Dayforce,22,-0.9114005,5.6010623
141,DECK,Deckers Brands,https://en.wikipedia.org/wiki/Deckers_Brands,2,2.4473011,3.6297526
142,DE,Deere & Company,https://en.wikipedia.org/wiki/John_Deere,12,1.9969252,3.5560172
143,DELL,Dell Technologies,https://en.wikipedia.org/wiki/Dell_Technologies,-1,0.08409759,4.562043
144,DAL,Delta Air Lines,https://en.wikipedia.org/wiki/Delta_Air_Lines,2,2.0939624,5.2451572
145,DVN,Devon Energy,https://en.wikipedia.org/wiki/Devon_Energy,3,4.131454,1.8841871
146,DXCM,Dexcom,https://en.wikipedia.org/wiki/Dexcom,13,-0.8695426,2.872125
147,FANG,Diamondback Energy,https://en.wikipedia.org/wiki/Diamondback_Energy,3,3.9726343,1.9158399
148,DLR,Digital Realty,https://en.wikipedia.org/wiki/Digital_Realty,4,3.668354,7.3438888
149,DG,Dollar General,https://en.wikipedia.org/wiki/Dollar_General,2,1.670663,4.4630823
150,DLTR,Dollar Tree,https://en.wikipedia.org/wiki/Dollar_Tree,2,1.8568001,4.5444474
151,D,Dominion Energy,https://en.wikipedia.org/wiki/Dominion_Energy,3,4.3472223,2.4368618
152,DPZ,Domino's,https://en.wikipedia.org/wiki/Domino%27s,2,2.065025,4.757965
153,DASH,DoorDash,https://en.wikipedia.org/wiki/DoorDash,2,1.8390344,5.1447372
154,DOV,Dover Corporation,https://en.wikipedia.org/wiki/Dover_Corporation,6,2.227357,2.9833062
155,DOW,Dow Inc.,https://en.wikipedia.org/wiki/Dow_Chemical_Company,6,2.0737207,2.5031967
156,DHI,D. R. Horton,https://en.wikipedia.org/wiki/D._R._Horton,2,2.1066184,4.4125733
157,DTE,DTE Energy,https://en.wikipedia.org/wiki/DTE_Energy,3,4.4525795,2.3967888
158,DUK,Duke Energy,https://en.wikipedia.org/wiki/Duke_Energy,3,4.5867844,2.2409062
159,DD,DuPont,https://en.wikipedia.org/wiki/DuPont,6,1.6287348,2.4104898
160,EMN,Eastman Chemical Company,https://en.wikipedia.org/wiki/Eastman_Chemical_Company,6,1.2441733,2.497465
161,ETN,Eaton Corporation,https://en.wikipedia.org/wiki/Eaton_Corporation,3,5.0562544,2.1193633
162,EBAY,eBay Inc.,https://en.wikipedia.org/wiki/EBay,10,1.6617591,5.872566
163,ECL,Ecolab,https://en.wikipedia.org/wiki/Ecolab,-1,0.99146986,1.9448526
164,EIX,Edison International,https://en.wikipedia.org/wiki/Edison_International,3,5.408777,2.553873
165,EW,Edwards Lifesciences,https://en.wikipedia.org/wiki/Edwards_Lifesciences,13,-0.71220654,2.274338
166,EA,Electronic Arts,https://en.wikipedia.org/wiki/Electronic_Arts,21,-1.1254506,3.9545505
167,ELV,Elevance Health,https://en.wikipedia.org/wiki/Elevance_Health,1,1.3127887,6.166834
168,EME,Emcor,https://en.wikipedia.org/wiki/Emcor,3,5.290187,2.366457
169,EMR,Emerson Electric,https://en.wikipedia.org/wiki/Emerson_Electric,3,5.5886564,2.6810207
170,ETR,Entergy,https://en.wikipedia.org/wiki/Entergy,3,4.906434,2.237054
171,EOG,EOG Resources,https://en.wikipedia.org/wiki/EOG_Resources,3,4.154361,1.7734774
172,EPAM,EPAM Systems,https://en.wikipedia.org/wiki/EPAM_Systems,21,-1.1917228,3.5828345
173,EQT,EQT Corporation,https://en.wikipedia.org/wiki/EQT_Corporation,3,4.3995724,1.7510525
174,EFX,Equifax,https://en.wikipedia.org/wiki/Equifax,18,-0.39289674,6.5472603
175,EQIX,Equinix,https://en.wikipedia.org/wiki/Equinix,4,2.9788523,7.1409597
176,EQR,Equity Residential,https://en.wikipedia.org/wiki/Equity_Residential,4,3.2796817,7.3337455
177,ERIE,Erie Indemnity,https://en.wikipedia.org/wiki/Erie_Insurance_Group,17,1.3827751,8.155966
178,ESS,Essex Property Trust,https://en.wikipedia.org/wiki/Essex_Property_Trust,4,3.6904917,7.301776
179,EL,Estée Lauder Companies (The),https://en.wikipedia.org/wiki/The_Est%C3%A9e_Lauder_Companies,2,2.6716015,3.7576623
180,EG,Everest Group,https://en.wikipedia.org/wiki/Everest_Group,17,1.7570269,7.6270413
181,EVRG,Evergy,https://en.wikipedia.org/wiki/Evergy,3,5.1457615,2.364041
182,ES,Eversource Energy,https://en.wikipedia.org/wiki/Eversource_Energy,3,5.3594365,2.5298095
183,EXC,Exelon,https://en.wikipedia.org/wiki/Exelon,3,5.2852373,2.5425458
184,EXE,Expand Energy,https://en.wikipedia.org/wiki/Expand_Energy,3,4.399748,1.8284434
185,EXPE,Expedia Group,https://en.wikipedia.org/wiki/Expedia_Group,5,2.722717,6.4272695
186,EXPD,Expeditors International,https://en.wikipedia.org/wiki/Expeditors_International,10,2.417249,6.0108414
187,EXR,Extra Space Storage,https://en.wikipedia.org/wiki/Extra_Space_Storage,4,3.769786,7.0447135
188,XOM,ExxonMobil,https://en.wikipedia.org/wiki/ExxonMobil,3,4.044257,1.3758912
189,FFIV,"F5, Inc.","https://en.wikipedia.org/wiki/F5,_Inc.",18,-0.9762163,5.9580035
190,FDS,FactSet,https://en.wikipedia.org/wiki/FactSet,18,-0.84275055,6.3552747
191,FICO,Fair Isaac,https://en.wikipedia.org/wiki/FICO,18,-0.7421494,6.4157977
192,FAST,Fastenal,https://en.wikipedia.org/wiki/Fastenal,10,1.0184813,5.673226
193,FRT,Federal Realty Investment Trust,https://en.wikipedia.org/wiki/Federal_Realty_Investment_Trust,4,3.5975642,7.6228924
194,FDX,FedEx,https://en.wikipedia.org/wiki/FedEx,10,1.4581188,5.726765
195,FIS,Fidelity National Information Services,https://en.wikipedia.org/wiki/FIS_(company),18,-0.75238067,6.323051
196,FITB,Fifth Third Bancorp,https://en.wikipedia.org/wiki/Fifth_Third_Bancorp,15,-0.23069727,8.2365055
197,FSLR,First Solar,https://en.wikipedia.org/wiki/First_Solar,20,-0.38081717,3.5553863
198,FE,FirstEnergy,https://en.wikipedia.org/wiki/FirstEnergy,3,5.358473,2.1272974
199,FI,Fiserv,https://en.wikipedia.org/wiki/Fiserv,18,-0.8109757,6.294911
200,F,Ford Motor Company,https://en.wikipedia.org/wiki/Ford_Motor_Company,11,2.2375743,3.7831385
201,FTNT,Fortinet,https://en.wikipedia.org/wiki/Fortinet,18,-1.1947119,5.8279366
202,FTV,Fortive,https://en.wikipedia.org/wiki/Fortive,18,-1.1474231,5.975579
203,FOXA,Fox Corporation (Class A),https://en.wikipedia.org/wiki/Fox_Corporation,5,3.9368825,4.781913
204,FOX,Fox Corporation (Class B),https://en.wikipedia.org/wiki/Fox_Corporation,5,3.9531279,4.824275
205,BEN,Franklin Resources,https://en.wikipedia.org/wiki/Franklin_Templeton_Investments,10,1.0844344,6.258535
206,FCX,Freeport-McMoRan,https://en.wikipedia.org/wiki/Freeport-McMoRan,0,2.3218834,1.8299327
207,GRMN,Garmin,https://en.wikipedia.org/wiki/Garmin,11,0.47852322,3.8294568
208,IT,Gartner,https://en.wikipedia.org/wiki/Gartner,11,0.7484778,4.287904
209,GE,GE Aerospace,https://en.wikipedia.org/wiki/GE_Aerospace,11,1.2177432,3.5066364
210,GEHC,GE HealthCare,https://en.wikipedia.org/wiki/GE_HealthCare,13,-0.4774211,2.6620307
211,GEV,GE Vernova,https://en.wikipedia.org/wiki/GE_Vernova,-1,4.148762,5.7465343
212,GEN,Gen Digital,https://en.wikipedia.org/wiki/Gen_Digital,11,0.6938421,4.5962963
213,GNRC,Generac,https://en.wikipedia.org/wiki/Generac,11,1.7178049,3.2925258
214,GD,General Dynamics,https://en.wikipedia.org/wiki/General_Dynamics,11,1.3143735,3.942309
215,GIS,General Mills,https://en.wikipedia.org/wiki/General_Mills,9,1.4954171,1.2589141
216,GM,General Motors,https://en.wikipedia.org/wiki/General_Motors,11,1.6789945,3.6262743
217,GPC,Genuine Parts Company,https://en.wikipedia.org/wiki/Genuine_Parts_Company,12,2.5871916,3.5043447
218,GILD,Gilead Sciences,https://en.wikipedia.org/wiki/Gilead_Sciences,13,-0.93350756,1.1870073
219,GPN,Global Payments,https://en.wikipedia.org/wiki/Global_Payments,14,-0.12428903,6.0511594
220,GL,Globe Life,https://en.wikipedia.org/wiki/Globe_Life,17,1.4218597,7.6619024
221,GDDY,GoDaddy,https://en.wikipedia.org/wiki/GoDaddy,-1,1.1729319,5.219513
222,GS,Goldman Sachs,https://en.wikipedia.org/wiki/Goldman_Sachs,15,0.018725403,7.341713
223,HAL,Halliburton,https://en.wikipedia.org/wiki/Halliburton,-1,3.5159605,2.0260544
224,HIG,Hartford (The),https://en.wikipedia.org/wiki/The_Hartford,17,1.3070226,8.010894
225,HAS,Hasbro,https://en.wikipedia.org/wiki/Hasbro,-1,1.7588947,2.5801387
226,HCA,HCA Healthcare,https://en.wikipedia.org/wiki/HCA_Healthcare,1,1.3276587,5.2118754
227,DOC,Healthpeak Properties,https://en.wikipedia.org/wiki/Healthpeak_Properties,4,3.1243877,7.101917
228,HSIC,Henry Schein,https://en.wikipedia.org/wiki/Henry_Schein,1,0.8740228,4.9836035
229,HSY,Hershey Company (The),https://en.wikipedia.org/wiki/The_Hershey_Company,9,2.1553342,1.31367
230,HPE,Hewlett Packard Enterprise,https://en.wikipedia.org/wiki/Hewlett_Packard_Enterprise,11,0.87704736,4.3854384
231,HLT,Hilton Worldwide,https://en.wikipedia.org/wiki/Hilton_Worldwide,5,3.3194373,6.076093
232,HOLX,Hologic,https://en.wikipedia.org/wiki/Hologic,13,-0.35508496,2.4788465
233,HD,Home Depot (The),https://en.wikipedia.org/wiki/Home_Depot,2,2.0329697,4.0247025
234,HON,Honeywell,https://en.wikipedia.org/wiki/Honeywell,-1,2.3460023,3.1529891
235,HRL,Hormel Foods,https://en.wikipedia.org/wiki/Hormel_Foods,9,1.7883266,0.92897046
236,HST,Host Hotels & Resorts,https://en.wikipedia.org/wiki/Host_Hotels_%26_Resorts,5,3.3344252,6.566662
237,HWM,Howmet Aerospace,https://en.wikipedia.org/wiki/Howmet_Aerospace,11,0.864057,3.174702
238,HPQ,HP Inc.,https://en.wikipedia.org/wiki/HP_Inc.,11,0.6578433,4.5158315
239,HUBB,Hubbell Incorporated,https://en.wikipedia.org/wiki/Hubbell_Incorporated,-1,1.5416397,2.8209553
240,HUM,Humana,https://en.wikipedia.org/wiki/Humana,1,1.1766663,5.6589503
241,HBAN,Huntington Bancshares,https://en.wikipedia.org/wiki/Huntington_Bancshares,15,-0.2988607,8.294367
242,HII,Huntington Ingalls Industries,https://en.wikipedia.org/wiki/Huntington_Ingalls_Industries,11,1.2212099,3.7727175
243,IBM,IBM,https://en.wikipedia.org/wiki/IBM,-1,0.10036761,5.0653105
244,IEX,IDEX Corporation,https://en.wikipedia.org/wiki/IDEX_Corporation,13,-0.010190287,1.7626636
245,IDXX,Idexx Laboratories,https://en.wikipedia.org/wiki/Idexx_Laboratories,13,-0.27142537,1.4927856
246,ITW,Illinois Tool Works,https://en.wikipedia.org/wiki/Illinois_Tool_Works,-1,1.7796246,3.026731
247,INCY,Incyte,https://en.wikipedia.org/wiki/Incyte,13,-0.4741477,1.4512688
248,IR,Ingersoll Rand,https://en.wikipedia.org/wiki/Ingersoll_Rand,-1,2.1215289,2.86755
250,INTC,Intel,https://en.wikipedia.org/wiki/Intel,-1,-0.13753,4.47532
251,IBKR,Interactive Brokers,https://en.wikipedia.org/wiki/Interactive_Brokers,10,1.633497,6.523403
252,ICE,Intercontinental Exchange,https://en.wikipedia.org/wiki/Intercontinental_Exchange,10,1.9288248,6.966863
254,IP,International Paper,https://en.wikipedia.org/wiki/International_Paper,6,1.3547126,2.0051193
255,IPG,Interpublic Group of Companies (The),https://en.wikipedia.org/wiki/The_Interpublic_Group_of_Companies,-1,1.4592531,6.7067
256,INTU,Intuit,https://en.wikipedia.org/wiki/Intuit,-1,-0.7206776,4.8541303
257,ISRG,Intuitive Surgical,https://en.wikipedia.org/wiki/Intuitive_Surgical,13,-0.89793855,2.6366084
258,IVZ,Invesco,https://en.wikipedia.org/wiki/Invesco,-1,2.4175,7.2240005
259,INVH,Invitation Homes,https://en.wikipedia.org/wiki/Invitation_Homes,5,2.7048702,5.9716825
260,IQV,IQVIA,https://en.wikipedia.org/wiki/IQVIA,13,-0.5078766,1.8521141
261,IRM,Iron Mountain,https://en.wikipedia.org/wiki/Iron_Mountain_(company),0,1.2422098,2.6297357
262,JBHT,J.B. Hunt,https://en.wikipedia.org/wiki/J.B._Hunt,-1,1.4145117,4.4613156
263,JBL,Jabil,https://en.wikipedia.org/wiki/Jabil,-1,0.7660326,3.1963794
264,JKHY,Jack Henry & Associates,https://en.wikipedia.org/wiki/Jack_Henry_%26_Associates,-1,0.46469322,6.197904
265,J,Jacobs Solutions,https://en.wikipedia.org/wiki/Jacobs_Solutions,-1,1.3788244,4.28685
266,JNJ,Johnson & Johnson,https://en.wikipedia.org/wiki/Johnson_%26_Johnson,-1,1.6874552,3.6910791
267,JCI,Johnson Controls,https://en.wikipedia.org/wiki/Johnson_Controls,-1,2.3203194,3.1345687
268,JPM,JPMorgan Chase,https://en.wikipedia.org/wiki/JPMorgan_Chase,15,-0.41153947,7.501408
269,K,Kellanova,https://en.wikipedia.org/wiki/Kellanova,9,1.2483511,1.2579257
270,KVUE,Kenvue,https://en.wikipedia.org/wiki/Kenvue,13,0.10076698,1.4167076
271,KDP,Keurig Dr Pepper,https://en.wikipedia.org/wiki/Keurig_Dr_Pepper,8,2.6699326,1.1921449
272,KEY,KeyCorp,https://en.wikipedia.org/wiki/KeyCorp,15,-0.27515632,8.303814
273,KEYS,Keysight Technologies,https://en.wikipedia.org/wiki/Keysight_Technologies,13,-0.3832699,3.1333096
274,KMB,Kimberly-Clark,https://en.wikipedia.org/wiki/Kimberly-Clark,6,1.0818449,2.0388267
275,KIM,Kimco Realty,https://en.wikipedia.org/wiki/Kimco_Realty,4,3.768306,7.350382
276,KMI,Kinder Morgan,https://en.wikipedia.org/wiki/Kinder_Morgan,3,4.4851108,1.5921915
277,KKR,KKR & Co.,https://en.wikipedia.org/wiki/Kohlberg_Kravis_Roberts,16,1.7004611,6.6768255
278,KLAC,KLA Corporation,https://en.wikipedia.org/wiki/KLA_Corporation,-1,0.39508078,2.7354913
279,KHC,Kraft Heinz,https://en.wikipedia.org/wiki/Kraft_Heinz,9,2.192517,1.0658903
280,KR,Kroger,https://en.wikipedia.org/wiki/Kroger,2,2.8925877,4.56455
281,LHX,L3Harris,https://en.wikipedia.org/wiki/L3Harris,11,0.6884974,3.6054783
282,LH,Labcorp,https://en.wikipedia.org/wiki/Labcorp,13,-0.23037012,2.1519656
283,LRCX,Lam Research,https://en.wikipedia.org/wiki/Lam_Research,-1,0.19021715,2.5523462
284,LW,Lamb Weston,https://en.wikipedia.org/wiki/Lamb_Weston,9,1.8256909,1.3739613
285,LVS,Las Vegas Sands,https://en.wikipedia.org/wiki/Las_Vegas_Sands,5,3.700881,5.8251624
286,LDOS,Leidos,https://en.wikipedia.org/wiki/Leidos,11,0.86743224,3.6479692
287,LEN,Lennar,https://en.wikipedia.org/wiki/Lennar,5,2.9110982,4.694183
288,LII,Lennox International,https://en.wikipedia.org/wiki/Lennox_International,-1,2.389898,3.023943
289,LLY,Lilly (Eli),https://en.wikipedia.org/wiki/Eli_Lilly_and_Company,13,-0.4979888,1.1774642
290,LIN,Linde plc,https://en.wikipedia.org/wiki/Linde_plc,-1,2.754808,2.623379
291,LYV,Live Nation Entertainment,https://en.wikipedia.org/wiki/Live_Nation_Entertainment,5,2.8195798,5.1366816
292,LKQ,LKQ Corporation,https://en.wikipedia.org/wiki/LKQ_Corporation,2,0.6064695,2.838541
293,LMT,Lockheed Martin,https://en.wikipedia.org/wiki/Lockheed_Martin,11,0.9062987,3.452971
294,L,Loews Corporation,https://en.wikipedia.org/wiki/Loews_Corporation,5,3.765608,5.0457873
295,LOW,Lowe's,https://en.wikipedia.org/wiki/Lowe%27s,2,2.6465127,4.335412
296,LULU,Lululemon Athletica,https://en.wikipedia.org/wiki/Lululemon,2,2.2407794,4.122661
297,LYB,LyondellBasell,https://en.wikipedia.org/wiki/LyondellBasell,-1,3.0825837,2.269936
298,MTB,M&T Bank,https://en.wikipedia.org/wiki/M%26T_Bank,15,-0.39312723,8.137016
299,MPC,Marathon Petroleum,https://en.wikipedia.org/wiki/Marathon_Petroleum,3,3.794263,1.3789009
300,MAR,Marriott International,https://en.wikipedia.org/wiki/Marriott_International,5,3.310916,6.1691256
301,MMC,Marsh McLennan,https://en.wikipedia.org/wiki/Marsh_McLennan,-1,0.35209337,7.12001
302,MLM,Martin Marietta Materials,https://en.wikipedia.org/wiki/Martin_Marietta_Materials,0,1.8796465,2.2811606
303,MAS,Masco,https://en.wikipedia.org/wiki/Masco,0,1.448156,2.5466285
304,MA,Mastercard,https://en.wikipedia.org/wiki/Mastercard,14,-0.0005465526,6.4524927
305,MTCH,Match Group,https://en.wikipedia.org/wiki/Match_Group,-1,2.1554751,6.2898364
306,MKC,McCormick & Company,https://en.wikipedia.org/wiki/McCormick_%26_Company,9,1.75803,1.4823979
307,MCD,McDonald's,https://en.wikipedia.org/wiki/McDonald%27s,9,2.095949,1.1278316
308,MCK,McKesson Corporation,https://en.wikipedia.org/wiki/McKesson_Corporation,1,0.9180676,4.8930454
309,MDT,Medtronic,https://en.wikipedia.org/wiki/Medtronic,13,-0.64966214,2.706006
310,MRK,Merck & Co.,https://en.wikipedia.org/wiki/Merck_%26_Co.,13,-0.672628,1.0632348
311,META,Meta Platforms,https://en.wikipedia.org/wiki/Meta_Platforms,-1,-0.2320034,5.151085
312,MET,MetLife,https://en.wikipedia.org/wiki/MetLife,17,1.2261425,7.556345
313,MTD,Mettler Toledo,https://en.wikipedia.org/wiki/Mettler_Toledo,13,-0.17537996,2.691494
314,MGM,MGM Resorts,https://en.wikipedia.org/wiki/MGM_Resorts,5,3.606548,6.1000223
315,MCHP,Microchip Technology,https://en.wikipedia.org/wiki/Microchip_Technology,20,-0.097176544,3.5242834
316,MU,Micron Technology,https://en.wikipedia.org/wiki/Micron_Technology,20,0.20626019,3.1907146
317,MSFT,Microsoft,https://en.wikipedia.org/wiki/Microsoft,-1,-0.31111494,4.903501
318,MAA,Mid-America Apartment Communities,https://en.wikipedia.org/wiki/Mid-America_Apartment_Communities,4,3.1249204,7.2992
319,MRNA,Moderna,https://en.wikipedia.org/wiki/Moderna,13,-1.1105431,1.3266796
320,MHK,Mohawk Industries,https://en.wikipedia.org/wiki/Mohawk_Industries,0,1.5270039,2.3535867
321,MOH,Molina Healthcare,https://en.wikipedia.org/wiki/Molina_Healthcare,1,1.1044934,6.182489
322,TAP,Molson Coors Beverage Company,https://en.wikipedia.org/wiki/Molson_Coors,8,2.5205145,1.2248122
323,MDLZ,Mondelez International,https://en.wikipedia.org/wiki/Mondelez_International,9,1.8355335,1.1835815
324,MPWR,Monolithic Power Systems,https://en.wikipedia.org/wiki/Monolithic_Power_Systems,20,0.21647383,3.1043978
325,MNST,Monster Beverage,https://en.wikipedia.org/wiki/Monster_Beverage,8,2.6189024,1.1620278
326,MCO,Moody's Corporation,https://en.wikipedia.org/wiki/Moody%27s_Corporation,15,0.09585278,6.9596405
327,MS,Morgan Stanley,https://en.wikipedia.org/wiki/Morgan_Stanley,15,-0.05691241,7.3589845
328,MOS,Mosaic Company (The),https://en.wikipedia.org/wiki/The_Mosaic_Company,0,1.9318695,2.0761557
329,MSI,Motorola Solutions,https://en.wikipedia.org/wiki/Motorola_Solutions,20,0.43182737,3.3593516
330,MSCI,MSCI Inc.,https://en.wikipedia.org/wiki/MSCI,15,0.54244095,6.4760303
331,NDAQ,"Nasdaq, Inc.","https://en.wikipedia.org/wiki/Nasdaq,_Inc.",10,2.102604,6.3141575
332,NTAP,NetApp,https://en.wikipedia.org/wiki/NetApp,22,-1.0234915,5.1831656
333,NFLX,Netflix,"https://en.wikipedia.org/wiki/Netflix,_Inc.",5,2.8552592,5.297407
334,NEM,Newmont,https://en.wikipedia.org/wiki/Newmont,0,2.690561,2.1047149
335,NWSA,News Corp (Class A),https://en.wikipedia.org/wiki/News_Corp,5,4.0604625,4.856615
336,NWS,News Corp (Class B),https://en.wikipedia.org/wiki/News_Corp,5,4.0574594,4.7720485
337,NEE,NextEra Energy,https://en.wikipedia.org/wiki/NextEra_Energy,3,5.265323,2.5394537
338,NKE,"Nike, Inc.","https://en.wikipedia.org/wiki/Nike,_Inc.",-1,-0.48222154,4.3053575
339,NI,NiSource,https://en.wikipedia.org/wiki/NiSource,3,4.9867578,2.137091
340,NDSN,Nordson Corporation,https://en.wikipedia.org/wiki/Nordson_Corporation,-1,-0.5758348,3.6805217
341,NSC,Norfolk Southern,https://en.wikipedia.org/wiki/Norfolk_Southern_Railway,-1,3.1199234,4.8743334
342,NTRS,Northern Trust,https://en.wikipedia.org/wiki/Northern_Trust,15,-0.2702558,8.00743
343,NOC,Northrop Grumman,https://en.wikipedia.org/wiki/Northrop_Grumman,11,1.1855242,3.7184258
344,NCLH,Norwegian Cruise Line Holdings,https://en.wikipedia.org/wiki/Norwegian_Cruise_Line_Holdings,5,3.4975603,5.361307
345,NRG,NRG Energy,https://en.wikipedia.org/wiki/NRG_Energy,3,4.8519897,2.0531502
346,NUE,Nucor,https://en.wikipedia.org/wiki/Nucor,0,2.521998,2.2320123
347,NVDA,Nvidia,https://en.wikipedia.org/wiki/Nvidia,-1,-0.6977193,4.40602
348,NVR,"NVR, Inc.","https://en.wikipedia.org/wiki/NVR,_Inc.",-1,3.8300884,6.3019876
349,NXPI,NXP Semiconductors,https://en.wikipedia.org/wiki/NXP_Semiconductors,20,-0.8733423,3.806101
350,ORLY,O’Reilly Automotive,https://en.wikipedia.org/wiki/O%27Reilly_Auto_Parts,2,2.348979,4.258871
351,OXY,Occidental Petroleum,https://en.wikipedia.org/wiki/Occidental_Petroleum,3,3.7695866,1.4612334
352,ODFL,Old Dominion,https://en.wikipedia.org/wiki/Old_Dominion_Freight_Line,2,2.3511817,5.144936
353,OMC,Omnicom Group,https://en.wikipedia.org/wiki/Omnicom_Group,5,3.8437173,5.3797264
354,ON,ON Semiconductor,https://en.wikipedia.org/wiki/Onsemi,20,-0.7323629,3.5214844
355,OKE,Oneok,https://en.wikipedia.org/wiki/Oneok,3,3.7580774,2.1830666
356,ORCL,Oracle Corporation,https://en.wikipedia.org/wiki/Oracle_Corporation,-1,-0.1630257,4.76888
357,OTIS,Otis Worldwide,https://en.wikipedia.org/wiki/Otis_Worldwide,-1,3.2194042,3.0802083
358,PCAR,Paccar,https://en.wikipedia.org/wiki/Paccar,12,2.3367605,3.5459802
359,PKG,Packaging Corporation of America,https://en.wikipedia.org/wiki/Packaging_Corporation_of_America,6,0.76589274,1.8129092
360,PLTR,Palantir Technologies,https://en.wikipedia.org/wiki/Palantir_Technologies,19,-0.025464198,4.5237885
361,PANW,Palo Alto Networks,https://en.wikipedia.org/wiki/Palo_Alto_Networks,22,-1.2792296,5.0217457
362,PSKY,Paramount Skydance Corporation,https://en.wikipedia.org/wiki/Paramount_Skydance,5,3.6868577,4.6564956
363,PH,Parker Hannifin,https://en.wikipedia.org/wiki/Parker_Hannifin,12,2.9719687,3.0061603
364,PAYX,Paychex,https://en.wikipedia.org/wiki/Paychex,14,-0.07198651,5.773034
365,PAYC,Paycom,https://en.wikipedia.org/wiki/Paycom,14,-0.22318567,5.661204
366,PYPL,PayPal,https://en.wikipedia.org/wiki/PayPal,14,0.16588324,6.011312
367,PNR,Pentair,https://en.wikipedia.org/wiki/Pentair,12,2.9282987,3.1492403
368,PEP,PepsiCo,https://en.wikipedia.org/wiki/PepsiCo,8,2.5959618,1.2783113
369,PFE,Pfizer,https://en.wikipedia.org/wiki/Pfizer,13,-0.388801,0.98072135
370,PCG,PG&E Corporation,https://en.wikipedia.org/wiki/PG%26E,3,4.9767065,3.1270278
371,PM,Philip Morris International,https://en.wikipedia.org/wiki/Philip_Morris_International,6,1.2167901,1.6236182
372,PSX,Phillips 66,https://en.wikipedia.org/wiki/Phillips_66,3,3.5365133,1.3886261
373,PNW,Pinnacle West Capital,https://en.wikipedia.org/wiki/Pinnacle_West_Capital,3,4.505622,3.4225054
374,PNC,PNC Financial Services,https://en.wikipedia.org/wiki/PNC_Financial_Services,15,0.14678194,7.73704
375,POOL,Pool Corporation,https://en.wikipedia.org/wiki/Pool_Corporation,12,3.1303449,3.5691874
376,PPG,PPG Industries,https://en.wikipedia.org/wiki/PPG_Industries,-1,2.8855817,2.9951956
377,PPL,PPL Corporation,https://en.wikipedia.org/wiki/PPL_Corporation,3,4.4088655,3.3026516
378,PFG,Principal Financial Group,https://en.wikipedia.org/wiki/Principal_Financial_Group,16,0.8501708,6.9166374
379,PG,Procter & Gamble,https://en.wikipedia.org/wiki/Procter_%26_Gamble,-1,2.6753888,2.7730446
380,PGR,Progressive Corporation,https://en.wikipedia.org/wiki/Progressive_Corporation,17,1.1471821,8.10415
381,PLD,Prologis,https://en.wikipedia.org/wiki/Prologis,4,3.9583921,6.77722
382,PRU,Prudential Financial,https://en.wikipedia.org/wiki/Prudential_Financial,16,0.676159,7.4430637
383,PEG,Public Service Enterprise Group,https://en.wikipedia.org/wiki/Public_Service_Enterprise_Group,3,5.0438337,3.0384688
384,PTC,PTC Inc.,https://en.wikipedia.org/wiki/PTC_(software_company),19,0.12539175,4.306853
385,PSA,Public Storage,https://en.wikipedia.org/wiki/Public_Storage,4,3.9294693,7.102415
386,PHM,PulteGroup,https://en.wikipedia.org/wiki/PulteGroup,-1,2.642297,3.6328611
387,PWR,Quanta Services,https://en.wikipedia.org/wiki/Quanta_Services,3,4.741794,3.1658034
388,QCOM,Qualcomm,https://en.wikipedia.org/wiki/Qualcomm,20,-0.064831175,3.9836617
389,DGX,Quest Diagnostics,https://en.wikipedia.org/wiki/Quest_Diagnostics,13,-0.5215255,2.1278255
390,RL,Ralph Lauren Corporation,https://en.wikipedia.org/wiki/Ralph_Lauren_Corporation,2,2.4412804,3.9553885
391,RJF,Raymond James Financial,https://en.wikipedia.org/wiki/Raymond_James_Financial,16,0.47653303,6.5405035
392,RTX,RTX Corporation,https://en.wikipedia.org/wiki/RTX_Corporation,19,0.6524576,3.886545
393,O,Realty Income,https://en.wikipedia.org/wiki/Realty_Income,4,3.4970868,7.311209
394,REG,Regency Centers,https://en.wikipedia.org/wiki/Regency_Centers,4,3.878185,7.417656
395,REGN,Regeneron Pharmaceuticals,https://en.wikipedia.org/wiki/Regeneron_Pharmaceuticals,13,-1.1755201,1.2677536
396,RF,Regions Financial Corporation,https://en.wikipedia.org/wiki/Regions_Financial_Corporation,15,-0.035907656,8.413308
397,RSG,Republic Services,https://en.wikipedia.org/wiki/Republic_Services,7,3.811134,3.4196904
398,RMD,ResMed,https://en.wikipedia.org/wiki/ResMed,13,-1.1422454,1.71966
399,RVTY,Revvity,https://en.wikipedia.org/wiki/Revvity,13,-1.0300851,1.5168601
400,HOOD,Robinhood Markets,https://en.wikipedia.org/wiki/Robinhood_Markets,10,1.6164203,6.290662
401,ROK,Rockwell Automation,https://en.wikipedia.org/wiki/Rockwell_Automation,-1,1.7793174,2.8875995
402,ROL,"Rollins, Inc.","https://en.wikipedia.org/wiki/Rollins,_Inc.",-1,2.293735,2.8219094
403,ROP,Roper Technologies,https://en.wikipedia.org/wiki/Roper_Technologies,10,1.5425395,6.117354
404,ROST,Ross Stores,https://en.wikipedia.org/wiki/Ross_Stores,2,2.4513812,4.5935802
405,RCL,Royal Caribbean Group,https://en.wikipedia.org/wiki/Royal_Caribbean_Group,5,3.2113547,5.63837
406,SPGI,S&P Global,https://en.wikipedia.org/wiki/S%26P_Global,15,0.5012531,7.0072875
407,CRM,Salesforce,https://en.wikipedia.org/wiki/Salesforce,22,-1.2464806,5.3887386
408,SBAC,SBA Communications,https://en.wikipedia.org/wiki/SBA_Communications,4,3.439178,6.6104035
409,SLB,Schlumberger,https://en.wikipedia.org/wiki/Schlumberger,-1,3.1727157,2.3770003
410,STX,Seagate Technology,https://en.wikipedia.org/wiki/Seagate_Technology,-1,0.22426666,3.7979252
411,SRE,Sempra,https://en.wikipedia.org/wiki/Sempra,3,4.958948,3.015439
412,NOW,ServiceNow,https://en.wikipedia.org/wiki/ServiceNow,22,-0.99666727,5.4430895
413,SHW,Sherwin-Williams,https://en.wikipedia.org/wiki/Sherwin-Williams,7,3.2582023,3.184036
414,SPG,Simon Property Group,https://en.wikipedia.org/wiki/Simon_Property_Group,4,3.9981306,7.371639
415,SWKS,Skyworks Solutions,https://en.wikipedia.org/wiki/Skyworks_Solutions,20,-0.70156515,3.366309
416,SJM,J.M. Smucker Company (The),https://en.wikipedia.org/wiki/The_J.M._Smucker_Company,9,1.9160849,1.4002689
417,SW,Smurfit Westrock,https://en.wikipedia.org/wiki/Smurfit_Westrock,6,0.77018553,2.2456925
418,SNA,Snap-on,https://en.wikipedia.org/wiki/Snap-on,-1,1.079314,3.0385678
419,SOLV,Solventum,https://en.wikipedia.org/wiki/Solventum,-1,0.5211066,2.2590692
420,SO,Southern Company,https://en.wikipedia.org/wiki/Southern_Company,3,4.8314114,3.0446858
421,LUV,Southwest Airlines,https://en.wikipedia.org/wiki/Southwest_Airlines,2,2.4012823,5.2575417
422,SWK,Stanley Black & Decker,https://en.wikipedia.org/wiki/Stanley_Black_%26_Decker,-1,1.5828584,3.0837877
423,SBUX,Starbucks,https://en.wikipedia.org/wiki/Starbucks,8,2.6823843,1.7229439
424,STT,State Street Corporation,https://en.wikipedia.org/wiki/State_Street_Corporation,15,-0.21044776,7.717673
425,STLD,Steel Dynamics,https://en.wikipedia.org/wiki/Steel_Dynamics,6,1.718041,2.870884
426,STE,Steris,https://en.wikipedia.org/wiki/Steris,13,-0.68287826,2.7756367
427,SYK,Stryker Corporation,https://en.wikipedia.org/wiki/Stryker_Corporation,13,-0.99542797,2.575882
428,SMCI,Supermicro,https://en.wikipedia.org/wiki/Supermicro,20,-0.3449419,3.8836515
429,SYF,Synchrony Financial,https://en.wikipedia.org/wiki/Synchrony_Financial,15,-0.41413048,7.153672
430,SNPS,Synopsys,https://en.wikipedia.org/wiki/Synopsys,20,-0.9793146,3.4926918
431,SYY,Sysco,https://en.wikipedia.org/wiki/Sysco,-1,0.3217693,4.3179383
432,TMUS,T-Mobile US,https://en.wikipedia.org/wiki/T-Mobile_US,-1,2.832744,5.7869673
433,TROW,T. Rowe Price,https://en.wikipedia.org/wiki/T._Rowe_Price,16,1.1697543,6.624767
434,TTWO,Take-Two Interactive,https://en.wikipedia.org/wiki/Take-Two_Interactive,19,0.03294749,3.9434435
435,TPR,"Tapestry, Inc.","https://en.wikipedia.org/wiki/Tapestry,_Inc.",2,2.342482,4.01656
436,TRGP,Targa Resources,https://en.wikipedia.org/wiki/Targa_Resources,3,4.1846395,1.8091964
437,TGT,Target Corporation,https://en.wikipedia.org/wiki/Target_Corporation,2,1.6964233,4.232181
438,TEL,TE Connectivity,https://en.wikipedia.org/wiki/TE_Connectivity,19,-0.34354982,4.384627
439,TDY,Teledyne Technologies,https://en.wikipedia.org/wiki/Teledyne_Technologies,19,0.6569597,3.9446805
440,TER,Teradyne,https://en.wikipedia.org/wiki/Teradyne,19,-0.23576051,3.780278
441,TSLA,"Tesla, Inc.","https://en.wikipedia.org/wiki/Tesla,_Inc.",-1,-0.4905794,4.109486
442,TXN,Texas Instruments,https://en.wikipedia.org/wiki/Texas_Instruments,19,0.041535348,4.083656
443,TPL,Texas Pacific Land Corporation,https://en.wikipedia.org/wiki/Texas_Pacific_Land_Corporation,3,4.164105,3.785007
444,TXT,Textron,https://en.wikipedia.org/wiki/Textron,19,1.1652704,4.059431
445,TMO,Thermo Fisher Scientific,https://en.wikipedia.org/wiki/Thermo_Fisher_Scientific,13,-0.7244736,2.4651155
446,TJX,TJX Companies,https://en.wikipedia.org/wiki/TJX_Companies,2,1.8189422,4.3860908
447,TKO,TKO Group Holdings,https://en.wikipedia.org/wiki/TKO_Group_Holdings,2,2.2488136,4.874279
448,TTD,Trade Desk (The),https://en.wikipedia.org/wiki/The_Trade_Desk,19,0.16148147,4.435936
449,TSCO,Tractor Supply,https://en.wikipedia.org/wiki/Tractor_Supply,2,1.6062387,4.08323
450,TT,Trane Technologies,https://en.wikipedia.org/wiki/Trane_Technologies,19,1.3564383,3.4173307
451,TDG,TransDigm Group,https://en.wikipedia.org/wiki/TransDigm_Group,19,0.8835796,3.69749
452,TRV,Travelers Companies (The),https://en.wikipedia.org/wiki/The_Travelers_Companies,17,1.4874293,7.825656
453,TRMB,Trimble Inc.,https://en.wikipedia.org/wiki/Trimble_Inc.,19,0.25683004,3.6208925
454,TFC,Truist Financial,https://en.wikipedia.org/wiki/Truist_Financial,15,-0.3406282,7.938179
455,TYL,Tyler Technologies,https://en.wikipedia.org/wiki/Tyler_Technologies,19,0.310827,3.951092
456,TSN,Tyson Foods,https://en.wikipedia.org/wiki/Tyson_Foods,9,1.8509433,0.9235268
457,USB,U.S. Bancorp,https://en.wikipedia.org/wiki/U.S._Bancorp,15,-0.52564347,7.989012
458,UBER,Uber,https://en.wikipedia.org/wiki/Uber,2,1.8440732,5.5173974
459,UDR,"UDR, Inc.","https://en.wikipedia.org/wiki/UDR,_Inc.",4,3.474558,7.324214
460,ULTA,Ulta Beauty,https://en.wikipedia.org/wiki/Ulta_Beauty,2,2.3397946,4.5063324
461,UNP,Union Pacific Corporation,https://en.wikipedia.org/wiki/Union_Pacific_Corporation,3,4.473992,3.5953696
462,UAL,United Airlines Holdings,https://en.wikipedia.org/wiki/United_Airlines_Holdings,2,2.1041136,5.395548
463,UPS,United Parcel Service,https://en.wikipedia.org/wiki/United_Parcel_Service,2,1.8532548,5.504895
464,URI,United Rentals,https://en.wikipedia.org/wiki/United_Rentals,2,2.296055,5.525751
465,UNH,UnitedHealth Group,https://en.wikipedia.org/wiki/UnitedHealth_Group,1,1.3770661,5.580171
466,UHS,Universal Health Services,https://en.wikipedia.org/wiki/Universal_Health_Services,1,1.4210664,5.416081
467,VLO,Valero Energy,https://en.wikipedia.org/wiki/Valero_Energy,3,4.147628,1.4108533
468,VTR,Ventas,https://en.wikipedia.org/wiki/Ventas_(company),4,3.4840686,7.048629
469,VLTO,Veralto,https://en.wikipedia.org/wiki/Veralto,6,0.74037856,2.0940013
470,VRSN,Verisign,https://en.wikipedia.org/wiki/Verisign,-1,0.64949423,5.625001
471,VRSK,Verisk Analytics,https://en.wikipedia.org/wiki/Verisk_Analytics,-1,-0.17806615,6.598848
472,VZ,Verizon,https://en.wikipedia.org/wiki/Verizon,-1,3.0996296,5.544765
473,VRTX,Vertex Pharmaceuticals,https://en.wikipedia.org/wiki/Vertex_Pharmaceuticals,13,-0.55729467,1.2800064
474,VTRS,Viatris,https://en.wikipedia.org/wiki/Viatris,13,-0.2377872,1.1844832
475,VICI,Vici Properties,https://en.wikipedia.org/wiki/Vici_Properties,4,3.8816228,6.4876766
476,V,Visa Inc.,https://en.wikipedia.org/wiki/Visa_Inc.,14,-0.054720186,6.052375
477,VST,Vistra Corp.,https://en.wikipedia.org/wiki/Vistra_Corp,3,4.573356,2.0923886
478,VMC,Vulcan Materials Company,https://en.wikipedia.org/wiki/Vulcan_Materials_Company,0,2.284285,2.3433957
479,WRB,W. R. Berkley Corporation,https://en.wikipedia.org/wiki/W._R._Berkley_Corporation,17,1.1998466,7.972661
480,GWW,W. W. Grainger,https://en.wikipedia.org/wiki/W._W._Grainger,-1,2.1668384,3.161646
481,WAB,Wabtec,https://en.wikipedia.org/wiki/Wabtec,7,3.462606,3.6674435
482,WMT,Walmart,https://en.wikipedia.org/wiki/Walmart,2,3.04386,4.151798
483,DIS,Walt Disney Company (The),https://en.wikipedia.org/wiki/The_Walt_Disney_Company,5,3.6838372,4.4978523
484,WBD,Warner Bros. Discovery,https://en.wikipedia.org/wiki/Warner_Bros._Discovery,5,3.6704147,4.3721595
485,WM,Waste Management,"https://en.wikipedia.org/wiki/Waste_Management,_Inc.",7,3.589771,3.6300924
486,WAT,Waters Corporation,https://en.wikipedia.org/wiki/Waters_Corporation,-1,0.39032653,2.2095385
487,WEC,WEC Energy Group,https://en.wikipedia.org/wiki/WEC_Energy_Group,3,4.563844,2.696816
488,WFC,Wells Fargo,https://en.wikipedia.org/wiki/Wells_Fargo,15,-0.557213,7.613644
489,WELL,Welltower,https://en.wikipedia.org/wiki/Welltower,4,3.1292129,6.9941998
490,WST,West Pharmaceutical Services,https://en.wikipedia.org/wiki/West_Pharmaceutical_Services,13,0.14159894,1.2041187
491,WDC,Western Digital,https://en.wikipedia.org/wiki/Western_Digital,-1,3.2960782,4.0949745
492,WY,Weyerhaeuser,https://en.wikipedia.org/wiki/Weyerhaeuser,7,3.5171487,3.6264048
493,WSM,"Williams-Sonoma, Inc.","https://en.wikipedia.org/wiki/Williams-Sonoma,_Inc.",7,3.408296,2.9394546
494,WMB,Williams Companies,https://en.wikipedia.org/wiki/Williams_Companies,3,3.7811823,2.415304
495,WTW,Willis Towers Watson,https://en.wikipedia.org/wiki/Willis_Towers_Watson,-1,1.8112048,6.449229
496,WDAY,"Workday, Inc.","https://en.wikipedia.org/wiki/Workday,_Inc.",22,-0.4541915,5.536738
497,WYNN,Wynn Resorts,https://en.wikipedia.org/wiki/Wynn_Resorts,5,3.8378825,6.037866
498,XEL,Xcel Energy,https://en.wikipedia.org/wiki/Xcel_Energy,3,4.9714055,2.369678
499,XYL,Xylem Inc.,https://en.wikipedia.org/wiki/Xylem_Inc.,-1,3.8091593,2.9951985
500,YUM,Yum! Brands,https://en.wikipedia.org/wiki/Yum!_Brands,9,2.0177145,0.92425203
501,ZBRA,Zebra Technologies,https://en.wikipedia.org/wiki/Zebra_Technologies,19,-0.09255485,3.4428785
502,ZBH,Zimmer Biomet,https://en.wikipedia.org/wiki/Zimmer_Biomet,13,-0.9815722,2.3042347
503,ZTS,Zoetis,https://en.wikipedia.org/wiki/Zoetis,13,-0.16066138,0.9210113
